meeting_date,body,youtube_title,video_id,watch_url,department_resource_url,upload_date,duration_seconds,caption_type,caption_language,txt_file,notes
2025-08-26,other,First Listening Session for the Medical Psilocybin Program 8/26/2025,vLm7111c-uc,https://www.youtube.com/watch?v=vLm7111c-uc,,2025-09-17,5456,auto,en-orig,2025-08-26-other-vLm7111c-uc.txt,Found on NMDOH channel; not listed on the department Meeting Records page.
2025-09-03,other,Second Listening Session for the Medical Psilocybin Program 9/3/25,Z4AMcYYfUek,https://www.youtube.com/watch?v=Z4AMcYYfUek,,2025-09-17,5390,auto,en-orig,2025-09-03-other-Z4AMcYYfUek.txt,Found on NMDOH channel; not listed on the department Meeting Records page.
2025-12-05,board,"Medical Psilocybin Advisory Board Meeting - December 5, 2025",-ugEbXqVjIE,https://www.youtube.com/watch?v=-ugEbXqVjIE,https://www.nmhealth.org/resource/view/2817/,2025-12-08,4968,auto,en-orig,2025-12-05-board--ugEbXqVjIE.txt,
2025-12-12,board,"Medical Psilocybin Advisory Board Meeting - December 12, 2025",Q9lHJeCRDFU,https://www.youtube.com/watch?v=Q9lHJeCRDFU,https://www.nmhealth.org/resource/view/2821/,2025-12-18,7902,auto,en-orig,2025-12-12-board-Q9lHJeCRDFU.txt,
2026-01-02,eacc,"Medical Psilocybin - Equity, Access, and Cultural Considerations Committee - January 2, 2026",G_MVI58RKPc,https://www.youtube.com/watch?v=G_MVI58RKPc,https://www.nmhealth.org/resource/view/2825/,2026-01-07,6909,auto,en-orig,2026-01-02-eacc-G_MVI58RKPc.txt,
2026-01-02,pqs,"Medical Psilocybin - Patient Qualification & Safety Committee - January 2, 2026",06rlHte_dTs,https://www.youtube.com/watch?v=06rlHte_dTs,https://www.nmhealth.org/resource/view/2824/,2026-01-07,3993,auto,en-orig,2026-01-02-pqs-06rlHte_dTs.txt,
2026-01-07,eacc,"Medical Psilocybin Equity, Access, and Cultural Considerations Committee - January 7, 2026",CoxiFMUEg5g,https://www.youtube.com/watch?v=CoxiFMUEg5g,https://www.nmhealth.org/resource/view/2829/,2026-01-16,3123,auto,en-orig,2026-01-07-eacc-CoxiFMUEg5g.txt,
2026-01-08,eolc,"Medical Psilocybin End of Life Care Committee - January 8, 2026",dJSYNVpKNY8,https://www.youtube.com/watch?v=dJSYNVpKNY8,https://www.nmhealth.org/resource/view/2828/,2026-01-15,4480,auto,en-orig,2026-01-08-eolc-dJSYNVpKNY8.txt,
2026-01-09,prop,"Medical Psilocybin Propagation Committee - January 9, 2026",ccLgtl4jHBY,https://www.youtube.com/watch?v=ccLgtl4jHBY,https://www.nmhealth.org/resource/view/2827/,2026-01-15,6982,auto,en-orig,2026-01-09-prop-ccLgtl4jHBY.txt,
2026-01-09,raci,"Medical Psilocybin Research and Continuous Improvement Committee - January 9, 2026",Ujb6KpF4JCQ,https://www.youtube.com/watch?v=Ujb6KpF4JCQ,https://www.nmhealth.org/resource/view/2826/,2026-01-16,6773,auto,en-orig,2026-01-09-raci-Ujb6KpF4JCQ.txt,
2026-01-14,dacp,"Medical Psilocybin Dosage, Administration & Clinical Practice Committee - January 14, 2026",f0jajJMXlXI,https://www.youtube.com/watch?v=f0jajJMXlXI,https://www.nmhealth.org/resource/view/2831/,2026-01-20,6636,auto,en-orig,2026-01-14-dacp-f0jajJMXlXI.txt,
2026-01-16,board,"Medical Psilocybin Advisory Board Meeting - January 16, 2026",w0roIREYN8g,https://www.youtube.com/watch?v=w0roIREYN8g,https://www.nmhealth.org/resource/view/2830/,2026-01-20,6967,auto,en-orig,2026-01-16-board-w0roIREYN8g.txt,
2026-01-20,eacc,"Medical Psilocybin Equity, Access, and Cultural Considerations Committee - January 20, 2026",vBsw4IJ51MA,https://www.youtube.com/watch?v=vBsw4IJ51MA,https://www.nmhealth.org/resource/view/2838/,2026-01-28,4037,auto,en-orig,2026-01-20-eacc-vBsw4IJ51MA.txt,
2026-01-21,prop,"Medical Psilocybin Propagation Committee - January 21, 2026",LeHmqfWtV24,https://www.youtube.com/watch?v=LeHmqfWtV24,https://www.nmhealth.org/resource/view/2837/,2026-01-29,6047,auto,en-orig,2026-01-21-prop-LeHmqfWtV24.txt,
2026-01-22,eolc,"Medical Psilocybin End of Life Care Committee - January 22, 2026",7OFheZUPr8I,https://www.youtube.com/watch?v=7OFheZUPr8I,https://www.nmhealth.org/resource/view/2836/,2026-01-28,6283,auto,en-orig,2026-01-22-eolc-7OFheZUPr8I.txt,
2026-01-23,raci,"Medical Psilocybin Research & Continuous Improvement Committee Meeting - January 23, 2026",fDzQyJdGZk4,https://www.youtube.com/watch?v=fDzQyJdGZk4,https://www.nmhealth.org/resource/view/2834/,2026-01-28,7036,auto,en-orig,2026-01-23-raci-fDzQyJdGZk4.txt,
2026-01-23,tae,"Medical Psilocybin Training and Education Committee - January 23, 2026",inv2Tm6b3I8,https://www.youtube.com/watch?v=inv2Tm6b3I8,https://www.nmhealth.org/resource/view/2835/,2026-01-29,6009,auto,en-orig,2026-01-23-tae-inv2Tm6b3I8.txt,
2026-01-30,dacp,"Medical Psilocybin Dosage, Administration, and Clinical Practice Committee - January 30, 2026",dPVOmDy2I9Y,https://www.youtube.com/watch?v=dPVOmDy2I9Y,https://www.nmhealth.org/resource/view/2843/,2026-02-10,5798,auto,en-orig,2026-01-30-dacp-dPVOmDy2I9Y.txt,
2026-01-30,prop,"Medical Psilocybin Propagation Committee - January 30, 2026",wN4iTZzE9dw,https://www.youtube.com/watch?v=wN4iTZzE9dw,https://www.nmhealth.org/resource/view/2844/,2026-02-10,6885,auto,en-orig,2026-01-30-prop-wN4iTZzE9dw.txt,
2026-02-02,eacc,"Medical Psilocybin Equity, Access and Cultural Considerations Committee - February 2, 2026",DtZMaBT0dHY,https://www.youtube.com/watch?v=DtZMaBT0dHY,https://www.nmhealth.org/resource/view/2841/,2026-02-11,4301,auto,en-orig,2026-02-02-eacc-DtZMaBT0dHY.txt,
2026-02-04,prop,"Medical Psilocybin Propagation Committee - February 4, 2026",5mBPlLPp4oA,https://www.youtube.com/watch?v=5mBPlLPp4oA,https://www.nmhealth.org/resource/view/2842/,2026-02-11,7008,auto,en-orig,2026-02-04-prop-5mBPlLPp4oA.txt,
2026-02-11,prop,"Medical Psilocybin Propagation Committee _February 11, 2026",f366JFKNRCo,https://www.youtube.com/watch?v=f366JFKNRCo,https://www.nmhealth.org/resource/view/2908/,2026-02-18,6885,auto,en-orig,2026-02-11-prop-f366JFKNRCo.txt,
2026-02-18,prop,"Medical Psilocybin Propagation Committee - February 18, 2026",2QgSr1d6KsY,https://www.youtube.com/watch?v=2QgSr1d6KsY,https://www.nmhealth.org/resource/view/2909/,2026-02-27,6993,auto,en-orig,2026-02-18-prop-2QgSr1d6KsY.txt,
2026-02-20,eolc,"Medical Psilocybin End-of-Life Care Committee - February 20, 2026",W4PGG76E9Hg,https://www.youtube.com/watch?v=W4PGG76E9Hg,https://www.nmhealth.org/resource/view/2910/,2026-02-27,4650,auto,en-orig,2026-02-20-eolc-W4PGG76E9Hg.txt,
2026-02-20,pqs,"Medical Psilocybin Patient Qualification & Safety Committee - February 20, 2026",8Vl3umzXgc8,https://www.youtube.com/watch?v=8Vl3umzXgc8,https://www.nmhealth.org/resource/view/2911/,2026-02-27,5711,auto,en-orig,2026-02-20-pqs-8Vl3umzXgc8.txt,
2026-02-27,board,"Medical Psilocybin Advisory Board Meeting - February, 27, 2026",8Rk7KY2ZxNo,https://www.youtube.com/watch?v=8Rk7KY2ZxNo,https://www.nmhealth.org/resource/view/2913/,2026-03-04,6693,auto,en-orig,2026-02-27-board-8Rk7KY2ZxNo.txt,
2026-02-27,dacp,"Medical Psilocybin Dosage, Administration & Clinical Practice Committee - Feb. 27, 2026",RMvgDTfWMZU,https://www.youtube.com/watch?v=RMvgDTfWMZU,https://www.nmhealth.org/resource/view/2912/,2026-03-04,3832,auto,en-orig,2026-02-27-dacp-RMvgDTfWMZU.txt,
2026-03-04,pqs,"Medical Psilocybin Patient Qualification & Safety Committee   - March 4, 2026",9QrrIH1sH38,https://www.youtube.com/watch?v=9QrrIH1sH38,https://www.nmhealth.org/resource/view/2916/,2026-03-10,3740,auto,en-orig,2026-03-04-pqs-9QrrIH1sH38.txt,
2026-03-06,raci,"Medical Psilocybin Research and Continuous Improvement Committee - March 6, 2026",FSSCF0B_In0,https://www.youtube.com/watch?v=FSSCF0B_In0,https://www.nmhealth.org/resource/view/2915/,2026-03-10,5714,auto,en-orig,2026-03-06-raci-FSSCF0B_In0.txt,
2026-03-06,tae,"Medical Psilocybin Training and Education Committee - March 6, 2026",FOR47XyPNps,https://www.youtube.com/watch?v=FOR47XyPNps,https://www.nmhealth.org/resource/view/2914/,2026-03-10,6043,auto,en-orig,2026-03-06-tae-FOR47XyPNps.txt,
2026-03-11,eacc,"Medical Psilocybin Equity, Access, and Cultural Considerations Committee - March 11, 2026",GF0gaWenhzA,https://www.youtube.com/watch?v=GF0gaWenhzA,https://www.nmhealth.org/resource/view/2918/,2026-03-18,3905,auto,en-orig,2026-03-11-eacc-GF0gaWenhzA.txt,
2026-03-11,prop,"Medical Psilocybin Propagation Committee - March 11, 2026",ylk4NFqryNo,https://www.youtube.com/watch?v=ylk4NFqryNo,https://www.nmhealth.org/resource/view/2919/,2026-03-18,5501,auto,en-orig,2026-03-11-prop-ylk4NFqryNo.txt,
2026-03-16,dacp,"Medical Psilocybin Dosage, Administration & Clinical Practice Committee - March 16, 2026",_Hu_pjMvds4,https://www.youtube.com/watch?v=_Hu_pjMvds4,https://www.nmhealth.org/resource/view/2941/,2026-04-20,6464,auto,en-orig,2026-03-16-dacp-_Hu_pjMvds4.txt,
2026-03-17,pqs,"Medical Psilocybin Patient Qualification and Safety Considerations Committee - March 17, 2026",pwwXtfD600w,https://www.youtube.com/watch?v=pwwXtfD600w,https://www.nmhealth.org/resource/view/2940/,2026-04-16,3402,manual,en,2026-03-17-pqs-pwwXtfD600w.txt,
2026-03-18,prop,"Medical Psilocybin Propagation Committee Meeting - March 18, 2026",RrMVYOESWeg,https://www.youtube.com/watch?v=RrMVYOESWeg,,2026-04-16,5308,manual,en,2026-03-18-prop-RrMVYOESWeg.txt,Found on NMDOH channel; not listed on the department Meeting Records page.
2026-03-20,board,"Medical Psilocybin Advisory Board Meeting - March 20, 2026",0NivY1tXeXY,https://www.youtube.com/watch?v=0NivY1tXeXY,https://www.nmhealth.org/resource/view/2935/,2026-04-20,5643,auto,en-orig,2026-03-20-board-0NivY1tXeXY.txt,
2026-03-20,eolc,"Medical Psilocybin End of Life Care Committee - March 20, 2026",tgYrMMB7Lf0,https://www.youtube.com/watch?v=tgYrMMB7Lf0,https://www.nmhealth.org/resource/view/2938/,2026-04-16,4883,manual,en,2026-03-20-eolc-tgYrMMB7Lf0.txt,
2026-03-24,eacc,"Medical Psilocybin Equity, Access, and Cultural Considerations Committee - March 24, 2026",9sB8M_zJZzI,https://www.youtube.com/watch?v=9sB8M_zJZzI,https://www.nmhealth.org/resource/view/2937/,2026-04-16,4399,manual,en,2026-03-24-eacc-9sB8M_zJZzI.txt,
2026-03-30,dacp,"Medical Psilocybin Dosage, Administration & Clinical Practice Committee - March 30, 2026",kLv0s4Exc6s,https://www.youtube.com/watch?v=kLv0s4Exc6s,https://www.nmhealth.org/resource/view/2936/,2026-04-17,6360,auto,en-orig,2026-03-30-dacp-kLv0s4Exc6s.txt,
2026-04-06,pqs,"Medical Psilocybin Patient Qualification & Safety Committee - April 6, 2026",XMaSPiakDwk,https://www.youtube.com/watch?v=XMaSPiakDwk,https://www.nmhealth.org/resource/view/2950/,2026-04-21,4092,manual,en,2026-04-06-pqs-XMaSPiakDwk.txt,
2026-04-10,raci,"Medical Psilocybin Research and Continuous Improvement Committee - April 10, 2026",MC96Vl_wr6g,https://www.youtube.com/watch?v=MC96Vl_wr6g,https://www.nmhealth.org/resource/view/2948/,2026-04-21,6673,manual,en,2026-04-10-raci-MC96Vl_wr6g.txt,
2026-04-10,tae,"Medical Psilocybin Training and Education Committee - April 10, 2026",_knSBu3E9TA,https://www.youtube.com/watch?v=_knSBu3E9TA,https://www.nmhealth.org/resource/view/2949/,2026-04-21,6805,manual,en,2026-04-10-tae-_knSBu3E9TA.txt,
2026-04-13,dacp,"Medical Psilocybin Dosage, Administration & Clinical Practice Committee - April 13, 2026",I0zkw6Q-kgU,https://www.youtube.com/watch?v=I0zkw6Q-kgU,https://www.nmhealth.org/resource/view/2947/,2026-04-27,6141,manual,en,2026-04-13-dacp-I0zkw6Q-kgU.txt,
2026-04-15,prop,"Medical Psilocybin Propagation Committee - April 15, 2026",nc-01vAIUfw,https://www.youtube.com/watch?v=nc-01vAIUfw,https://www.nmhealth.org/resource/view/2946/,2026-04-27,6638,manual,en,2026-04-15-prop-nc-01vAIUfw.txt,
2026-04-20,pqs,"Medical Psilocybin Patient Qualification & Safety Committee - April 20, 2026",4ai26q69eRY,https://www.youtube.com/watch?v=4ai26q69eRY,https://www.nmhealth.org/resource/view/2945/,2026-04-29,3217,manual,en,2026-04-20-pqs-4ai26q69eRY.txt,
2026-04-23,eolc,"Medical Psilocybin End of Life Care Committee - April 23, 2026",kkB3C8He_wo,https://www.youtube.com/watch?v=kkB3C8He_wo,https://www.nmhealth.org/resource/view/2944/,2026-04-29,7883,manual,en,2026-04-23-eolc-kkB3C8He_wo.txt,
2026-04-24,hearing,"Medical Psilocybin Program's Public Hearing on Producers & Lab Rules - April 24, 2026",Z4un1GL9U94,https://www.youtube.com/watch?v=Z4un1GL9U94,https://www.nmhealth.org/resource/view/2943/,2026-04-29,2735,manual,en,2026-04-24-hearing-Z4un1GL9U94.txt,"The department page places this under the board, but the YouTube title identifies a public rule hearing."
2026-04-27,dacp,"Medical Psilocybin Dosage, Administration & Clinical Practice Committee - April 27, 2026",h57qH0HE9pM,https://www.youtube.com/watch?v=h57qH0HE9pM,https://www.nmhealth.org/resource/view/2951/,2026-05-08,5330,manual,en,2026-04-27-dacp-h57qH0HE9pM.txt,
2026-04-28,eacc,"Medical Psilocybin Equity, Access, and Cultural Considerations Committee - April 28, 2026",hFrD0UXOWUU,https://www.youtube.com/watch?v=hFrD0UXOWUU,https://www.nmhealth.org/resource/view/2952/,2026-05-08,6543,manual,en,2026-04-28-eacc-hFrD0UXOWUU.txt,
2026-05-04,pqs,"Medical Psilocybin Patient Qualification & Safety Committee - May 4, 2026",uzZuq0_2KaE,https://www.youtube.com/watch?v=uzZuq0_2KaE,https://www.nmhealth.org/resource/view/2953/,2026-05-13,3657,manual,en,2026-05-04-pqs-uzZuq0_2KaE.txt,
2026-05-05,dacp,"Medical Psilocybin Dosage, Administration & Clinical Practice Committee Meeting - May 5, 2026",L5uzSii-feo,https://www.youtube.com/watch?v=L5uzSii-feo,https://www.nmhealth.org/resource/view/2954/,2026-05-13,3418,manual,en,2026-05-05-dacp-L5uzSii-feo.txt,
2026-05-08,raci,"Medical Psilocybin Research and Continuous Improvement Committee - May 8, 2026",Ke-hJuHpwyo,https://www.youtube.com/watch?v=Ke-hJuHpwyo,https://www.nmhealth.org/resource/view/2956/,2026-05-14,7023,manual,en,2026-05-08-raci-Ke-hJuHpwyo.txt,
2026-05-08,tae,"Medical Psilocybin Training & Education End of Life Care Committee Meeting - May 8, 2026",A-Z8z9UD2ak,https://www.youtube.com/watch?v=A-Z8z9UD2ak,https://www.nmhealth.org/resource/view/2955/,2026-05-13,6918,manual,en,2026-05-08-tae-A-Z8z9UD2ak.txt,The YouTube title names both Training & Education and End of Life Care; the department labels it Education & Training.
2026-05-15,board,"Medical Psilocybin Advisory Board Meeting - May 15, 2026",FaHV1afqFLI,https://www.youtube.com/watch?v=FaHV1afqFLI,https://www.nmhealth.org/resource/view/2957/,2026-05-21,6572,manual,en,2026-05-15-board-FaHV1afqFLI.txt,
2026-05-19,eacc,"Medical Psilocybin Equity, Access and Cultural Considerations Committee, May 19, 2026",q8pXuOPCF6c,https://www.youtube.com/watch?v=q8pXuOPCF6c,https://www.nmhealth.org/resource/view/2971/,2026-06-23,6976,auto,en-orig,2026-05-19-eacc-q8pXuOPCF6c.txt,
2026-05-26,pqs,"Medical Psilocybin Patient Qualification and Safety Committee - May 26, 2026",mW2XU86ERj8,https://www.youtube.com/watch?v=mW2XU86ERj8,https://www.nmhealth.org/resource/view/2970/,2026-06-23,1660,auto,en-orig,2026-05-26-pqs-mW2XU86ERj8.txt,
2026-05-26,tae,"Medical Psilocybin Training and Education Committee Meeting - May 26, 2026",gZJS4sPuacg,https://www.youtube.com/watch?v=gZJS4sPuacg,https://www.nmhealth.org/resource/view/2968/,2026-06-23,785,auto,en-orig,2026-05-26-tae-gZJS4sPuacg.txt,"The department link is labeled May 29; the YouTube title says May 26, which controls the filename."
2026-05-27,dacp,"Medical Psilocybin Dosage, Administration & Clinical Practice Committee, May 27, 2026",6AzFGtyqSLk,https://www.youtube.com/watch?v=6AzFGtyqSLk,https://www.nmhealth.org/resource/view/2969/,2026-06-23,2384,auto,en-orig,2026-05-27-dacp-6AzFGtyqSLk.txt,
2026-06-05,eolc,"Medical Psilocybin End of Life Care Committee Meeting, June 5, 2026",lKoUxMvFDhI,https://www.youtube.com/watch?v=lKoUxMvFDhI,https://www.nmhealth.org/resource/view/2967/,2026-06-23,4995,auto,en-orig,2026-06-05-eolc-lKoUxMvFDhI.txt,
2026-06-12,raci,"Medical Psilocybin Research and Continuous Improvement Committee  Meeting, June 12, 2026",Zi3tiZ71tUk,https://www.youtube.com/watch?v=Zi3tiZ71tUk,https://www.nmhealth.org/resource/view/2966/,2026-06-23,6523,auto,en-orig,2026-06-12-raci-Zi3tiZ71tUk.txt,
2026-06-12,tae,"Medical Psilocybin Training and Education Committee Meeting, June 12, 2026",8-0m59laErY,https://www.youtube.com/watch?v=8-0m59laErY,https://www.nmhealth.org/resource/view/2965/,2026-06-23,7300,auto,en-orig,2026-06-12-tae-8-0m59laErY.txt,
2026-06-15,dacp,"Medical Psilocybin: Dosage, Administration & Clinical Practice Committee on June 15, 2026",_NdPyAlmOLk,https://www.youtube.com/watch?v=_NdPyAlmOLk,https://www.nmhealth.org/resource/view/2975/,2026-09-03,4130,auto,en-orig,2026-06-15-dacp-_NdPyAlmOLk.txt,
2026-06-23,eacc,"Medical Psilocybin:  Equity, Access and Cultural Considerations Committee Meeting on June 23, 2026",U235JMJBhmw,https://www.youtube.com/watch?v=U235JMJBhmw,,2026-09-03,6601,auto,en-orig,2026-06-23-eacc-U235JMJBhmw.txt,Found on NMDOH channel; not listed on the department Meeting Records page.
2026-06-25,tae,"Medical Psilocybin: Training and Education Committee meeting on June 25, 2026",ZrEJz6xaBpQ,https://www.youtube.com/watch?v=ZrEJz6xaBpQ,https://www.nmhealth.org/resource/view/2976/,2026-09-03,7995,auto,en-orig,2026-06-25-tae-ZrEJz6xaBpQ.txt,
2026-06-26,board,"Medical Psilocybin: Advisory Board Meeting on June 26, 2026",lfT4X5YObro,https://www.youtube.com/watch?v=lfT4X5YObro,https://www.nmhealth.org/resource/view/2977/,2026-09-03,8464,auto,en-orig,2026-06-26-board-lfT4X5YObro.txt,
2026-07-09,board,Medical Psilocybin: Advisory Board Meeting on July 9 2026,0VU9Yby4uAM,https://www.youtube.com/watch?v=0VU9Yby4uAM,https://www.nmhealth.org/resource/view/2978/,2026-09-03,7782,auto,en-orig,2026-07-09-board-0VU9Yby4uAM.txt,
2026-07-10,raci,"Medical Psilocybin: Research and Continuous Improvement Committee Meeting on July 10, 2026",uJ6fqxphh7o,https://www.youtube.com/watch?v=uJ6fqxphh7o,https://www.nmhealth.org/resource/view/2983/,2026-09-03,6789,auto,en-orig,2026-07-10-raci-uJ6fqxphh7o.txt,
2026-07-13,pqs,"Medical Psilocybin: Patient Qualification & Safety Considerations Committee Meeting - July 13, 2026",surJwBMVeg8,https://www.youtube.com/watch?v=surJwBMVeg8,https://www.nmhealth.org/resource/view/2985/,2026-09-03,2747,auto,en-orig,2026-07-13-pqs-surJwBMVeg8.txt,
2026-07-14,dacp,"Medical Psilocybin: Dosage, Administration & Clinical Practice Committee Meeting on July 14, 2026",c1R4JotF8Yo,https://www.youtube.com/watch?v=c1R4JotF8Yo,https://www.nmhealth.org/resource/view/2982/,2026-09-03,3966,auto,en-orig,2026-07-14-dacp-c1R4JotF8Yo.txt,
2026-07-16,eolc,"Medical Psilocybin: End of Life Care Committee Meeting on July 16, 2026",aNGCtJHUTSY,https://www.youtube.com/watch?v=aNGCtJHUTSY,https://www.nmhealth.org/resource/view/2984/,2026-09-03,6090,auto,en-orig,2026-07-16-eolc-aNGCtJHUTSY.txt,
2026-07-17,board,"Medical Psilocybin: Advisory Board Meeting on July 17, 2026",yJbLaVfIdxU,https://www.youtube.com/watch?v=yJbLaVfIdxU,https://www.nmhealth.org/resource/view/2979/,2026-09-03,7333,auto,en-orig,2026-07-17-board-yJbLaVfIdxU.txt,
2026-07-17,tae,"Medical Psilocybin: Training and Education Committee Meeting on July 17, 2026",GTyTYmlkJCk,https://www.youtube.com/watch?v=GTyTYmlkJCk,https://www.nmhealth.org/resource/view/2981/,2026-09-03,7410,auto,en-orig,2026-07-17-tae-GTyTYmlkJCk.txt,
2026-07-21,eacc,"Medical Psilocybin: Equity, Access and Cultural Considerations Committee meeting on July 21, 2026",EwlEKGsq11E,https://www.youtube.com/watch?v=EwlEKGsq11E,https://www.nmhealth.org/resource/view/2989/,2026-09-03,7031,auto,en-orig,2026-07-21-eacc-EwlEKGsq11E.txt,
2026-08-05,dacp,"Medical Psilocybin: Dosage, Administration & Clinical Practice Committee Meeting on August 5, 2026",DNSqChCnhac,https://www.youtube.com/watch?v=DNSqChCnhac,https://www.nmhealth.org/resource/view/2990/,2026-09-03,3521,auto,en-orig,2026-08-05-dacp-DNSqChCnhac.txt,
2026-08-07,raci,"Medical Psilocybin: Research and Continuous Improvement Committee Meeting on August 7, 2026",G5itxuT1AbA,https://www.youtube.com/watch?v=G5itxuT1AbA,https://www.nmhealth.org/resource/view/2991/,2026-09-03,6001,auto,en-orig,2026-08-07-raci-G5itxuT1AbA.txt,
2026-08-14,board,"Medical Psilocybin: Advisory Board Meeting on August 14, 2026",3wb4IZGzAZw,https://www.youtube.com/watch?v=3wb4IZGzAZw,https://www.nmhealth.org/resource/view/2980/,2026-09-04,4104,auto,en-orig,2026-08-14-board-3wb4IZGzAZw.txt,
2026-08-14,eolc,"Medical PsilocybinL End of Life Care Committee Meeting on August 14, 2026",E2_DPiDMFe4,https://www.youtube.com/watch?v=E2_DPiDMFe4,https://www.nmhealth.org/resource/view/2992/,2026-09-04,5502,auto,en-orig,2026-08-14-eolc-E2_DPiDMFe4.txt,
2026-08-18,eacc,"Medical Psilocybin: Equity, Access and Cultural Considerations Committee Meeting on August 18, 2026",BkJgUrcFk50,https://www.youtube.com/watch?v=BkJgUrcFk50,https://www.nmhealth.org/resource/view/2993/,2026-09-04,4819,auto,en-orig,2026-08-18-eacc-BkJgUrcFk50.txt,
2026-08-19,dacp,"Medical Psilocybin: Dosage, Administration & Clinical Practice Committee Meeting on August 19, 2026",IjOHVAI1UGk,https://www.youtube.com/watch?v=IjOHVAI1UGk,https://www.nmhealth.org/resource/view/2996/,2026-09-04,1378,auto,en-orig,2026-08-19-dacp-IjOHVAI1UGk.txt,
2026-08-21,tae,"Medical Psilocybin: Training and Education Committee Meeting on August 21, 2026",Wwpm3mb-6TA,https://www.youtube.com/watch?v=Wwpm3mb-6TA,https://www.nmhealth.org/resource/view/2997/,2026-09-04,7609,auto,en-orig,2026-08-21-tae-Wwpm3mb-6TA.txt,The department resource redirect carries malformed 12-character ID IjOHVAI1UGkl; the real video is Wwpm3mb-6TA.
